threshold,f1_score
-0.90239394,1.0
-0.53100884,0.9090909090909091
-0.42198235,0.8
-0.33434117,0.6666666666666666
-0.3333832,0.5
-0.16332775,0.2857142857142857
